DATE,BOROUGH,MODZCTA,POP_DENOMINATOR,COUNT_1PLUS_CUMULATIVE
2021-05-22,Manhattan,10001,27613.09,20431
2021-05-22,Manhattan,10002,75322.71,49687
2021-05-22,Manhattan,10003,53977.81,35363
2021-05-22,Manhattan,10004,2972.12,2967
2021-05-22,Manhattan,10005,8757.23,6582
2021-05-22,Manhattan,10006,3381.8,2879
2021-05-22,Manhattan,10007,6991.45,5554
2021-05-22,Manhattan,10009,57151.12,35616
2021-05-22,Manhattan,10010,33353.0,21363
2021-05-22,Manhattan,10011,49745.99,35407
2021-05-22,Manhattan,10012,23152.07,14937
2021-05-22,Manhattan,10013,28818.86,20194
2021-05-22,Manhattan,10014,30336.05,21623
2021-05-22,Manhattan,10016,50912.11,38880
2021-05-22,Manhattan,10017,15613.27,12381
2021-05-22,Manhattan,10018,11790.55,8263
2021-05-22,Manhattan,10019,43522.4,33102
2021-05-22,Manhattan,10021,45875.54,30611
2021-05-22,Manhattan,10022,30896.18,23798
2021-05-22,Manhattan,10023,61782.48,44194
2021-05-22,Manhattan,10024,58412.05,40436
2021-05-22,Manhattan,10025,91619.93,58775
2021-05-22,Manhattan,10026,38664.36,17036
2021-05-22,Manhattan,10027,63394.55,29578
2021-05-22,Manhattan,10028,47370.29,31031
2021-05-22,Manhattan,10029,78224.82,36206
2021-05-22,Manhattan,10030,29269.87,11136
2021-05-22,Manhattan,10031,59023.53,27663
2021-05-22,Manhattan,10032,63051.12,31011
2021-05-22,Manhattan,10033,58517.81,27642
2021-05-22,Manhattan,10034,42241.84,18905
2021-05-22,Manhattan,10035,35240.03,17034
2021-05-22,Manhattan,10036,27242.15,23095
2021-05-22,Manhattan,10037,20793.37,8797
2021-05-22,Manhattan,10038,22864.58,14736
2021-05-22,Manhattan,10039,27180.77,9651
2021-05-22,Manhattan,10040,43966.32,21130
2021-05-22,Manhattan,10044,11671.84,7131
2021-05-22,Manhattan,10065,27899.1,19852
2021-05-22,Manhattan,10069,6284.56,4777
2021-05-22,Manhattan,10075,23044.5,18272
2021-05-22,Manhattan,10128,58558.8,39916
2021-05-22,Manhattan,10280,9346.22,5536
2021-05-22,Manhattan,10282,5571.94,3197
2021-05-22,Staten Island,10301,38904.96,18560
2021-05-22,Staten Island,10302,18484.97,7544
2021-05-22,Staten Island,10303,26512.59,10158
2021-05-22,Staten Island,10304,41886.87,19632
2021-05-22,Staten Island,10305,42856.19,21294
2021-05-22,Staten Island,10306,52806.81,26842
2021-05-22,Staten Island,10307,14912.16,5659
2021-05-22,Staten Island,10308,29820.74,12774
2021-05-22,Staten Island,10309,32939.56,13670
2021-05-22,Staten Island,10310,23441.55,10829
2021-05-22,Staten Island,10312,61052.73,27868
2021-05-22,Staten Island,10314,92523.87,43169
2021-05-22,Bronx,10451,47367.12,20244
2021-05-22,Bronx,10452,75212.41,30110
2021-05-22,Bronx,10453,78677.58,28443
2021-05-22,Bronx,10454,37829.72,13944
2021-05-22,Bronx,10455,41893.78,15434
2021-05-22,Bronx,10456,93192.84,31723
2021-05-22,Bronx,10457,73721.56,26210
2021-05-22,Bronx,10458,82740.43,29753
2021-05-22,Bronx,10459,47872.88,17681
2021-05-22,Bronx,10460,58874.7,20463
2021-05-22,Bronx,10461,49097.83,27067
2021-05-22,Bronx,10462,75315.82,36901
2021-05-22,Bronx,10463,69983.86,35755
2021-05-22,Bronx,10464,4285.4,2577
2021-05-22,Bronx,10465,43122.23,19189
2021-05-22,Bronx,10466,71310.11,23844
2021-05-22,Bronx,10467,102058.58,38796
2021-05-22,Bronx,10468,77811.41,29357
2021-05-22,Bronx,10469,72616.96,27525
2021-05-22,Bronx,10470,14991.78,6745
2021-05-22,Bronx,10471,21241.06,13518
2021-05-22,Bronx,10472,67979.13,25843
2021-05-22,Bronx,10473,59110.54,23248
2021-05-22,Bronx,10474,11975.58,3917
2021-05-22,Bronx,10475,42737.28,19862
2021-05-22,Queens,11004,18949.5,10914
2021-05-22,Queens,11101,36835.54,27264
2021-05-22,Queens,11102,30044.75,19529
2021-05-22,Queens,11103,34937.39,20645
2021-05-22,Queens,11104,25437.08,16739
2021-05-22,Queens,11105,36189.85,19271
2021-05-22,Queens,11106,37428.62,23125
2021-05-22,Queens,11109,5762.76,4505
2021-05-22,Brooklyn,11201,62294.06,44042
2021-05-22,Brooklyn,11203,73314.38,27328
2021-05-22,Brooklyn,11204,77087.49,32077
2021-05-22,Brooklyn,11205,45332.4,17777
2021-05-22,Brooklyn,11206,86709.93,33094
2021-05-22,Brooklyn,11207,89031.83,29927
2021-05-22,Brooklyn,11208,95565.18,33667
2021-05-22,Brooklyn,11209,67514.44,36249
2021-05-22,Brooklyn,11210,65687.01,20816
2021-05-22,Brooklyn,11211,101667.01,46919
2021-05-22,Brooklyn,11212,73966.99,23704
2021-05-22,Brooklyn,11213,64601.26,21302
2021-05-22,Brooklyn,11214,92814.16,43143
2021-05-22,Brooklyn,11215,69624.37,43694
2021-05-22,Brooklyn,11216,54825.36,27736
2021-05-22,Brooklyn,11217,40870.72,24452
2021-05-22,Brooklyn,11218,73995.92,33954
2021-05-22,Brooklyn,11219,90082.53,28626
2021-05-22,Brooklyn,11220,94590.76,57958
2021-05-22,Brooklyn,11221,81440.74,36524
2021-05-22,Brooklyn,11222,36123.42,24288
2021-05-22,Brooklyn,11223,81491.64,31450
2021-05-22,Brooklyn,11224,46270.81,16646
2021-05-22,Brooklyn,11225,57513.69,25483
2021-05-22,Brooklyn,11226,97355.08,40405
2021-05-22,Brooklyn,11228,44983.02,22595
2021-05-22,Brooklyn,11229,83531.47,33822
2021-05-22,Brooklyn,11230,88889.21,29924
2021-05-22,Brooklyn,11231,37376.63,20850
2021-05-22,Brooklyn,11232,27085.73,13575
2021-05-22,Brooklyn,11233,74323.4,23806
2021-05-22,Brooklyn,11234,94056.07,34281
2021-05-22,Brooklyn,11235,78197.62,32033
2021-05-22,Brooklyn,11236,97117.19,30637
2021-05-22,Brooklyn,11237,48000.58,23648
2021-05-22,Brooklyn,11238,53548.62,35410
2021-05-22,Brooklyn,11239,13022.3,6514
2021-05-22,Queens,11354,53918.85,38669
2021-05-22,Queens,11355,78852.89,61221
2021-05-22,Queens,11356,22814.02,13736
2021-05-22,Queens,11357,38714.77,22967
2021-05-22,Queens,11358,36024.61,24220
2021-05-22,Queens,11360,19045.39,12253
2021-05-22,Queens,11361,26370.6,17503
2021-05-22,Queens,11362,18101.72,11375
2021-05-22,Queens,11363,6735.31,4453
2021-05-22,Queens,11364,35688.29,22858
2021-05-22,Queens,11365,43815.08,25440
2021-05-22,Queens,11366,14208.14,7723
2021-05-22,Queens,11367,40676.04,19220
2021-05-22,Queens,11368,110369.78,51286
2021-05-22,Queens,11369,33627.74,18743
2021-05-22,Queens,11370,31777.34,15563
2021-05-22,Queens,11372,60682.72,40427
2021-05-22,Queens,11373,91655.7,63523
2021-05-22,Queens,11374,41393.74,23370
2021-05-22,Queens,11375,71266.52,40613
2021-05-22,Queens,11377,84048.11,52799
2021-05-22,Queens,11378,36145.45,17685
2021-05-22,Queens,11379,36636.49,17992
2021-05-22,Queens,11385,103615.19,44957
2021-05-22,Queens,11411,21378.1,7940
2021-05-22,Queens,11412,38097.58,13497
2021-05-22,Queens,11413,43206.88,14366
2021-05-22,Queens,11414,28358.4,12404
2021-05-22,Queens,11415,18873.03,10173
2021-05-22,Queens,11416,26389.62,13039
2021-05-22,Queens,11417,31041.34,16203
2021-05-22,Queens,11418,37585.6,18838
2021-05-22,Queens,11419,48504.92,25994
2021-05-22,Queens,11420,47835.06,24031
2021-05-22,Queens,11421,40049.5,20088
2021-05-22,Queens,11422,32389.06,11235
2021-05-22,Queens,11423,31138.4,15790
2021-05-22,Queens,11426,20163.58,10830
2021-05-22,Queens,11427,23572.82,16023
2021-05-22,Queens,11428,18580.92,10717
2021-05-22,Queens,11429,32168.3,11842
2021-05-22,Queens,11432,60754.71,35757
2021-05-22,Queens,11433,36521.92,14408
2021-05-22,Queens,11434,66763.37,23502
2021-05-22,Queens,11435,58415.04,27698
2021-05-22,Queens,11436,20042.54,8154
2021-05-22,Queens,11691,66856.31,19426
2021-05-22,Queens,11692,21029.13,6833
2021-05-22,Queens,11693,12672.14,4682
2021-05-22,Queens,11694,20779.4,9309
2021-05-22,Queens,11697,3392.62,2533
2021-06-14,Manhattan,10001,27613.09,23669
2021-06-14,Manhattan,10002,75322.71,53579
2021-06-14,Manhattan,10003,53977.81,36731
2021-06-14,Manhattan,10004,2972.12,3204
2021-06-14,Manhattan,10005,8757.23,7024
2021-06-14,Manhattan,10006,3381.8,3299
2021-06-14,Manhattan,10007,6991.45,5931
2021-06-14,Manhattan,10009,57151.12,37514
2021-06-14,Manhattan,10010,33353.0,22356
2021-06-14,Manhattan,10011,49745.99,36835
2021-06-14,Manhattan,10012,23152.07,15818
2021-06-14,Manhattan,10013,28818.86,21661
2021-06-14,Manhattan,10014,30336.05,22534
2021-06-14,Manhattan,10016,50912.11,40911
2021-06-14,Manhattan,10017,15613.27,13505
2021-06-14,Manhattan,10018,11790.55,12117
2021-06-14,Manhattan,10019,43522.4,37242
2021-06-14,Manhattan,10021,45875.54,31754
2021-06-14,Manhattan,10022,30896.18,25111
2021-06-14,Manhattan,10023,61782.48,45965
2021-06-14,Manhattan,10024,58412.05,41816
2021-06-14,Manhattan,10025,91619.93,61530
2021-06-14,Manhattan,10026,38664.36,18341
2021-06-14,Manhattan,10027,63394.55,31640
2021-06-14,Manhattan,10028,47370.29,32141
2021-06-14,Manhattan,10029,78224.82,39362
2021-06-14,Manhattan,10030,29269.87,12258
2021-06-14,Manhattan,10031,59023.53,30064
2021-06-14,Manhattan,10032,63051.12,32975
2021-06-14,Manhattan,10033,58517.81,29909
2021-06-14,Manhattan,10034,42241.84,20713
2021-06-14,Manhattan,10035,35240.03,18105
2021-06-14,Manhattan,10036,27242.15,27341
2021-06-14,Manhattan,10037,20793.37,9535
2021-06-14,Manhattan,10038,22864.58,15909
2021-06-14,Manhattan,10039,27180.77,10733
2021-06-14,Manhattan,10040,43966.32,22935
2021-06-14,Manhattan,10044,11671.84,7534
2021-06-14,Manhattan,10065,27899.1,20683
2021-06-14,Manhattan,10069,6284.56,5028
2021-06-14,Manhattan,10075,23044.5,18907
2021-06-14,Manhattan,10128,58558.8,41552
2021-06-14,Manhattan,10280,9346.22,5809
2021-06-14,Manhattan,10282,5571.94,3402
2021-06-14,Staten Island,10301,38904.96,20104
2021-06-14,Staten Island,10302,18484.97,8439
2021-06-14,Staten Island,10303,26512.59,11428
2021-06-14,Staten Island,10304,41886.87,21457
2021-06-14,Staten Island,10305,42856.19,22811
2021-06-14,Staten Island,10306,52806.81,28823
2021-06-14,Staten Island,10307,14912.16,6022
2021-06-14,Staten Island,10308,29820.74,13618
2021-06-14,Staten Island,10309,32939.56,14624
2021-06-14,Staten Island,10310,23441.55,11837
2021-06-14,Staten Island,10312,61052.73,29711
2021-06-14,Staten Island,10314,92523.87,46398
2021-06-14,Bronx,10451,47367.12,22457
2021-06-14,Bronx,10452,75212.41,33687
2021-06-14,Bronx,10453,78677.58,32564
2021-06-14,Bronx,10454,37829.72,15763
2021-06-14,Bronx,10455,41893.78,17595
2021-06-14,Bronx,10456,93192.84,35885
2021-06-14,Bronx,10457,73721.56,29698
2021-06-14,Bronx,10458,82740.43,33520
2021-06-14,Bronx,10459,47872.88,19980
2021-06-14,Bronx,10460,58874.7,22997
2021-06-14,Bronx,10461,49097.83,28954
2021-06-14,Bronx,10462,75315.82,40528
2021-06-14,Bronx,10463,69983.86,38392
2021-06-14,Bronx,10464,4285.4,2687
2021-06-14,Bronx,10465,43122.23,20624
2021-06-14,Bronx,10466,71310.11,26393
2021-06-14,Bronx,10467,102058.58,43445
2021-06-14,Bronx,10468,77811.41,33293
2021-06-14,Bronx,10469,72616.96,30076
2021-06-14,Bronx,10470,14991.78,7197
2021-06-14,Bronx,10471,21241.06,14190
2021-06-14,Bronx,10472,67979.13,29357
2021-06-14,Bronx,10473,59110.54,25576
2021-06-14,Bronx,10474,11975.58,4443
2021-06-14,Bronx,10475,42737.28,21143
2021-06-14,Queens,11004,18949.5,11783
2021-06-14,Queens,11101,36835.54,29251
2021-06-14,Queens,11102,30044.75,21255
2021-06-14,Queens,11103,34937.39,22426
2021-06-14,Queens,11104,25437.08,18088
2021-06-14,Queens,11105,36189.85,20934
2021-06-14,Queens,11106,37428.62,25057
2021-06-14,Queens,11109,5762.76,4711
2021-06-14,Brooklyn,11201,62294.06,46010
2021-06-14,Brooklyn,11203,73314.38,30922
2021-06-14,Brooklyn,11204,77087.49,35477
2021-06-14,Brooklyn,11205,45332.4,18989
2021-06-14,Brooklyn,11206,86709.93,35817
2021-06-14,Brooklyn,11207,89031.83,33980
2021-06-14,Brooklyn,11208,95565.18,38488
2021-06-14,Brooklyn,11209,67514.44,39035
2021-06-14,Brooklyn,11210,65687.01,22897
2021-06-14,Brooklyn,11211,101667.01,49582
2021-06-14,Brooklyn,11212,73966.99,26876
2021-06-14,Brooklyn,11213,64601.26,23236
2021-06-14,Brooklyn,11214,92814.16,48231
2021-06-14,Brooklyn,11215,69624.37,45330
2021-06-14,Brooklyn,11216,54825.36,29415
2021-06-14,Brooklyn,11217,40870.72,25384
2021-06-14,Brooklyn,11218,73995.92,36849
2021-06-14,Brooklyn,11219,90082.53,31976
2021-06-14,Brooklyn,11220,94590.76,65597
2021-06-14,Brooklyn,11221,81440.74,39924
2021-06-14,Brooklyn,11222,36123.42,25431
2021-06-14,Brooklyn,11223,81491.64,34850
2021-06-14,Brooklyn,11224,46270.81,18039
2021-06-14,Brooklyn,11225,57513.69,27259
2021-06-14,Brooklyn,11226,97355.08,44249
2021-06-14,Brooklyn,11228,44983.02,24702
2021-06-14,Brooklyn,11229,83531.47,36742
2021-06-14,Brooklyn,11230,88889.21,33212
2021-06-14,Brooklyn,11231,37376.63,21787
2021-06-14,Brooklyn,11232,27085.73,15121
2021-06-14,Brooklyn,11233,74323.4,26073
2021-06-14,Brooklyn,11234,94056.07,37542
2021-06-14,Brooklyn,11235,78197.62,35219
2021-06-14,Brooklyn,11236,97117.19,33919
2021-06-14,Brooklyn,11237,48000.58,26119
2021-06-14,Brooklyn,11238,53548.62,36884
2021-06-14,Brooklyn,11239,13022.3,7015
2021-06-14,Queens,11354,53918.85,41999
2021-06-14,Queens,11355,78852.89,67913
2021-06-14,Queens,11356,22814.02,15426
2021-06-14,Queens,11357,38714.77,24867
2021-06-14,Queens,11358,36024.61,26324
2021-06-14,Queens,11360,19045.39,13071
2021-06-14,Queens,11361,26370.6,18883
2021-06-14,Queens,11362,18101.72,12220
2021-06-14,Queens,11363,6735.31,4782
2021-06-14,Queens,11364,35688.29,24666
2021-06-14,Queens,11365,43815.08,27891
2021-06-14,Queens,11366,14208.14,8434
2021-06-14,Queens,11367,40676.04,21236
2021-06-14,Queens,11368,110369.78,59718
2021-06-14,Queens,11369,33627.74,21141
2021-06-14,Queens,11370,31777.34,17394
2021-06-14,Queens,11372,60682.72,44764
2021-06-14,Queens,11373,91655.7,70468
2021-06-14,Queens,11374,41393.74,25384
2021-06-14,Queens,11375,71266.52,43378
2021-06-14,Queens,11377,84048.11,57951
2021-06-14,Queens,11378,36145.45,19436
2021-06-14,Queens,11379,36636.49,19477
2021-06-14,Queens,11385,103615.19,49696
2021-06-14,Queens,11411,21378.1,8769
2021-06-14,Queens,11412,38097.58,14953
2021-06-14,Queens,11413,43206.88,16076
2021-06-14,Queens,11414,28358.4,13377
2021-06-14,Queens,11415,18873.03,11037
2021-06-14,Queens,11416,26389.62,14652
2021-06-14,Queens,11417,31041.34,17957
2021-06-14,Queens,11418,37585.6,20919
2021-06-14,Queens,11419,48504.92,29090
2021-06-14,Queens,11420,47835.06,26786
2021-06-14,Queens,11421,40049.5,22505
2021-06-14,Queens,11422,32389.06,12596
2021-06-14,Queens,11423,31138.4,17310
2021-06-14,Queens,11426,20163.58,11936
2021-06-14,Queens,11427,23572.82,16899
2021-06-14,Queens,11428,18580.92,11810
2021-06-14,Queens,11429,32168.3,13179
2021-06-14,Queens,11432,60754.71,39538
2021-06-14,Queens,11433,36521.92,16091
2021-06-14,Queens,11434,66763.37,26173
2021-06-14,Queens,11435,58415.04,30790
2021-06-14,Queens,11436,20042.54,9174
2021-06-14,Queens,11691,66856.31,22310
2021-06-14,Queens,11692,21029.13,7627
2021-06-14,Queens,11693,12672.14,5073
2021-06-14,Queens,11694,20779.4,9751
2021-06-14,Queens,11697,3392.62,2627
2021-07-14,Manhattan,10001,27613.09,27635
2021-07-14,Manhattan,10002,75322.71,56547
2021-07-14,Manhattan,10003,53977.81,38121
2021-07-14,Manhattan,10004,2972.12,3521
2021-07-14,Manhattan,10005,8757.23,7438
2021-07-14,Manhattan,10006,3381.8,3790
2021-07-14,Manhattan,10007,6991.45,6330
2021-07-14,Manhattan,10009,57151.12,39150
2021-07-14,Manhattan,10010,33353.0,23313
2021-07-14,Manhattan,10011,49745.99,38318
2021-07-14,Manhattan,10012,23152.07,16439
2021-07-14,Manhattan,10013,28818.86,22829
2021-07-14,Manhattan,10014,30336.05,23387
2021-07-14,Manhattan,10016,50912.11,43352
2021-07-14,Manhattan,10017,15613.27,14903
2021-07-14,Manhattan,10018,11790.55,16695
2021-07-14,Manhattan,10019,43522.4,42557
2021-07-14,Manhattan,10021,45875.54,32808
2021-07-14,Manhattan,10022,30896.18,26744
2021-07-14,Manhattan,10023,61782.48,47930
2021-07-14,Manhattan,10024,58412.05,43254
2021-07-14,Manhattan,10025,91619.93,64154
2021-07-14,Manhattan,10026,38664.36,19536
2021-07-14,Manhattan,10027,63394.55,33559
2021-07-14,Manhattan,10028,47370.29,33242
2021-07-14,Manhattan,10029,78224.82,42175
2021-07-14,Manhattan,10030,29269.87,13279
2021-07-14,Manhattan,10031,59023.53,32116
2021-07-14,Manhattan,10032,63051.12,35655
2021-07-14,Manhattan,10033,58517.81,32071
2021-07-14,Manhattan,10034,42241.84,22304
2021-07-14,Manhattan,10035,35240.03,19828
2021-07-14,Manhattan,10036,27242.15,32558
2021-07-14,Manhattan,10037,20793.37,10246
2021-07-14,Manhattan,10038,22864.58,17084
2021-07-14,Manhattan,10039,27180.77,11776
2021-07-14,Manhattan,10040,43966.32,24566
2021-07-14,Manhattan,10044,11671.84,7931
2021-07-14,Manhattan,10065,27899.1,21603
2021-07-14,Manhattan,10069,6284.56,5273
2021-07-14,Manhattan,10075,23044.5,19574
2021-07-14,Manhattan,10128,58558.8,43013
2021-07-14,Manhattan,10280,9346.22,6064
2021-07-14,Manhattan,10282,5571.94,3578
2021-07-14,Staten Island,10301,38904.96,21501
2021-07-14,Staten Island,10302,18484.97,9291
2021-07-14,Staten Island,10303,26512.59,12547
2021-07-14,Staten Island,10304,41886.87,23089
2021-07-14,Staten Island,10305,42856.19,24873
2021-07-14,Staten Island,10306,52806.81,30828
2021-07-14,Staten Island,10307,14912.16,6488
2021-07-14,Staten Island,10308,29820.74,14456
2021-07-14,Staten Island,10309,32939.56,15671
2021-07-14,Staten Island,10310,23441.55,12815
2021-07-14,Staten Island,10312,61052.73,31665
2021-07-14,Staten Island,10314,92523.87,49525
2021-07-14,Bronx,10451,47367.12,24562
2021-07-14,Bronx,10452,75212.41,37159
2021-07-14,Bronx,10453,78677.58,36333
2021-07-14,Bronx,10454,37829.72,17293
2021-07-14,Bronx,10455,41893.78,19308
2021-07-14,Bronx,10456,93192.84,39671
2021-07-14,Bronx,10457,73721.56,33098
2021-07-14,Bronx,10458,82740.43,37287
2021-07-14,Bronx,10459,47872.88,21889
2021-07-14,Bronx,10460,58874.7,25181
2021-07-14,Bronx,10461,49097.83,31306
2021-07-14,Bronx,10462,75315.82,43795
2021-07-14,Bronx,10463,69983.86,40725
2021-07-14,Bronx,10464,4285.4,2758
2021-07-14,Bronx,10465,43122.23,21782
2021-07-14,Bronx,10466,71310.11,28942
2021-07-14,Bronx,10467,102058.58,47727
2021-07-14,Bronx,10468,77811.41,36953
2021-07-14,Bronx,10469,72616.96,32443
2021-07-14,Bronx,10470,14991.78,7738
2021-07-14,Bronx,10471,21241.06,14751
2021-07-14,Bronx,10472,67979.13,32472
2021-07-14,Bronx,10473,59110.54,27733
2021-07-14,Bronx,10474,11975.58,4921
2021-07-14,Bronx,10475,42737.28,22399
2021-07-14,Queens,11004,18949.5,12239
2021-07-14,Queens,11101,36835.54,31129
2021-07-14,Queens,11102,30044.75,22629
2021-07-14,Queens,11103,34937.39,23931
2021-07-14,Queens,11104,25437.08,19263
2021-07-14,Queens,11105,36189.85,22253
2021-07-14,Queens,11106,37428.62,26542
2021-07-14,Queens,11109,5762.76,4866
2021-07-14,Brooklyn,11201,62294.06,47756
2021-07-14,Brooklyn,11203,73314.38,33999
2021-07-14,Brooklyn,11204,77087.49,38612
2021-07-14,Brooklyn,11205,45332.4,20101
2021-07-14,Brooklyn,11206,86709.93,38403
2021-07-14,Brooklyn,11207,89031.83,37297
2021-07-14,Brooklyn,11208,95565.18,42507
2021-07-14,Brooklyn,11209,67514.44,41342
2021-07-14,Brooklyn,11210,65687.01,25169
2021-07-14,Brooklyn,11211,101667.01,51906
2021-07-14,Brooklyn,11212,73966.99,29802
2021-07-14,Brooklyn,11213,64601.26,25361
2021-07-14,Brooklyn,11214,92814.16,52209
2021-07-14,Brooklyn,11215,69624.37,46684
2021-07-14,Brooklyn,11216,54825.36,31111
2021-07-14,Brooklyn,11217,40870.72,26351
2021-07-14,Brooklyn,11218,73995.92,39386
2021-07-14,Brooklyn,11219,90082.53,35165
2021-07-14,Brooklyn,11220,94590.76,72375
2021-07-14,Brooklyn,11221,81440.74,42999
2021-07-14,Brooklyn,11222,36123.42,26477
2021-07-14,Brooklyn,11223,81491.64,37588
2021-07-14,Brooklyn,11224,46270.81,19362
2021-07-14,Brooklyn,11225,57513.69,29064
2021-07-14,Brooklyn,11226,97355.08,48094
2021-07-14,Brooklyn,11228,44983.02,26570
2021-07-14,Brooklyn,11229,83531.47,39474
2021-07-14,Brooklyn,11230,88889.21,36043
2021-07-14,Brooklyn,11231,37376.63,22618
2021-07-14,Brooklyn,11232,27085.73,16315
2021-07-14,Brooklyn,11233,74323.4,28352
2021-07-14,Brooklyn,11234,94056.07,40490
2021-07-14,Brooklyn,11235,78197.62,38308
2021-07-14,Brooklyn,11236,97117.19,37481
2021-07-14,Brooklyn,11237,48000.58,28366
2021-07-14,Brooklyn,11238,53548.62,38224
2021-07-14,Brooklyn,11239,13022.3,7544
2021-07-14,Queens,11354,53918.85,44834
2021-07-14,Queens,11355,78852.89,73377
2021-07-14,Queens,11356,22814.02,16885
2021-07-14,Queens,11357,38714.77,26192
2021-07-14,Queens,11358,36024.61,28038
2021-07-14,Queens,11360,19045.39,13587
2021-07-14,Queens,11361,26370.6,19915
2021-07-14,Queens,11362,18101.72,12804
2021-07-14,Queens,11363,6735.31,4939
2021-07-14,Queens,11364,35688.29,25945
2021-07-14,Queens,11365,43815.08,29736
2021-07-14,Queens,11366,14208.14,8971
2021-07-14,Queens,11367,40676.04,22821
2021-07-14,Queens,11368,110369.78,67716
2021-07-14,Queens,11369,33627.74,23463
2021-07-14,Queens,11370,31777.34,18979
2021-07-14,Queens,11372,60682.72,48640
2021-07-14,Queens,11373,91655.7,76189
2021-07-14,Queens,11374,41393.74,27179
2021-07-14,Queens,11375,71266.52,45497
2021-07-14,Queens,11377,84048.11,62347
2021-07-14,Queens,11378,36145.45,21065
2021-07-14,Queens,11379,36636.49,20685
2021-07-14,Queens,11385,103615.19,53966
2021-07-14,Queens,11411,21378.1,9481
2021-07-14,Queens,11412,38097.58,16259
2021-07-14,Queens,11413,43206.88,17568
2021-07-14,Queens,11414,28358.4,14160
2021-07-14,Queens,11415,18873.03,11731
2021-07-14,Queens,11416,26389.62,15869
2021-07-14,Queens,11417,31041.34,19262
2021-07-14,Queens,11418,37585.6,22638
2021-07-14,Queens,11419,48504.92,31601
2021-07-14,Queens,11420,47835.06,28867
2021-07-14,Queens,11421,40049.5,24481
2021-07-14,Queens,11422,32389.06,13723
2021-07-14,Queens,11423,31138.4,18549
2021-07-14,Queens,11426,20163.58,12643
2021-07-14,Queens,11427,23572.82,18345
2021-07-14,Queens,11428,18580.92,12576
2021-07-14,Queens,11429,32168.3,14297
2021-07-14,Queens,11432,60754.71,42516
2021-07-14,Queens,11433,36521.92,17657
2021-07-14,Queens,11434,66763.37,28531
2021-07-14,Queens,11435,58415.04,33225
2021-07-14,Queens,11436,20042.54,10010
2021-07-14,Queens,11691,66856.31,24388
2021-07-14,Queens,11692,21029.13,8424
2021-07-14,Queens,11693,12672.14,5471
2021-07-14,Queens,11694,20779.4,10627
2021-07-14,Queens,11697,3392.62,2777
2021-08-14,Manhattan,10001,27613.09,30576
2021-08-14,Manhattan,10002,75322.71,59509
2021-08-14,Manhattan,10003,53977.81,39202
2021-08-14,Manhattan,10004,2972.12,3777
2021-08-14,Manhattan,10005,8757.23,7772
2021-08-14,Manhattan,10006,3381.8,4149
2021-08-14,Manhattan,10007,6991.45,6550
2021-08-14,Manhattan,10009,57151.12,40836
2021-08-14,Manhattan,10010,33353.0,24084
2021-08-14,Manhattan,10011,49745.99,39514
2021-08-14,Manhattan,10012,23152.07,17001
2021-08-14,Manhattan,10013,28818.86,23651
2021-08-14,Manhattan,10014,30336.05,23988
2021-08-14,Manhattan,10016,50912.11,45167
2021-08-14,Manhattan,10017,15613.27,15916
2021-08-14,Manhattan,10018,11790.55,19299
2021-08-14,Manhattan,10019,43522.4,46229
2021-08-14,Manhattan,10021,45875.54,33626
2021-08-14,Manhattan,10022,30896.18,27896
2021-08-14,Manhattan,10023,61782.48,49352
2021-08-14,Manhattan,10024,58412.05,44417
2021-08-14,Manhattan,10025,91619.93,66408
2021-08-14,Manhattan,10026,38664.36,21150
2021-08-14,Manhattan,10027,63394.55,35894
2021-08-14,Manhattan,10028,47370.29,34015
2021-08-14,Manhattan,10029,78224.82,46123
2021-08-14,Manhattan,10030,29269.87,14597
2021-08-14,Manhattan,10031,59023.53,34668
2021-08-14,Manhattan,10032,63051.12,38392
2021-08-14,Manhattan,10033,58517.81,34350
2021-08-14,Manhattan,10034,42241.84,23959
2021-08-14,Manhattan,10035,35240.03,21600
2021-08-14,Manhattan,10036,27242.15,36415
2021-08-14,Manhattan,10037,20793.37,11303
2021-08-14,Manhattan,10038,22864.58,17923
2021-08-14,Manhattan,10039,27180.77,13320
2021-08-14,Manhattan,10040,43966.32,26254
2021-08-14,Manhattan,10044,11671.84,8306
2021-08-14,Manhattan,10065,27899.1,22306
2021-08-14,Manhattan,10069,6284.56,5426
2021-08-14,Manhattan,10075,23044.5,19988
2021-08-14,Manhattan,10128,58558.8,44230
2021-08-14,Manhattan,10280,9346.22,6260
2021-08-14,Manhattan,10282,5571.94,3682
2021-08-14,Staten Island,10301,38904.96,23429
2021-08-14,Staten Island,10302,18484.97,10463
2021-08-14,Staten Island,10303,26512.59,14017
2021-08-14,Staten Island,10304,41886.87,25381
2021-08-14,Staten Island,10305,42856.19,26966
2021-08-14,Staten Island,10306,52806.81,33456
2021-08-14,Staten Island,10307,14912.16,7128
2021-08-14,Staten Island,10308,29820.74,15615
2021-08-14,Staten Island,10309,32939.56,17098
2021-08-14,Staten Island,10310,23441.55,14135
2021-08-14,Staten Island,10312,61052.73,34137
2021-08-14,Staten Island,10314,92523.87,53308
2021-08-14,Bronx,10451,47367.12,27603
2021-08-14,Bronx,10452,75212.41,41714
2021-08-14,Bronx,10453,78677.58,41358
2021-08-14,Bronx,10454,37829.72,19467
2021-08-14,Bronx,10455,41893.78,21675
2021-08-14,Bronx,10456,93192.84,45132
2021-08-14,Bronx,10457,73721.56,37629
2021-08-14,Bronx,10458,82740.43,42178
2021-08-14,Bronx,10459,47872.88,24725
2021-08-14,Bronx,10460,58874.7,28483
2021-08-14,Bronx,10461,49097.83,33629
2021-08-14,Bronx,10462,75315.82,48180
2021-08-14,Bronx,10463,69983.86,43532
2021-08-14,Bronx,10464,4285.4,2907
2021-08-14,Bronx,10465,43122.23,23564
2021-08-14,Bronx,10466,71310.11,32870
2021-08-14,Bronx,10467,102058.58,53273
2021-08-14,Bronx,10468,77811.41,41405
2021-08-14,Bronx,10469,72616.96,36068
2021-08-14,Bronx,10470,14991.78,8427
2021-08-14,Bronx,10471,21241.06,15277
2021-08-14,Bronx,10472,67979.13,36677
2021-08-14,Bronx,10473,59110.54,30948
2021-08-14,Bronx,10474,11975.58,5561
2021-08-14,Bronx,10475,42737.28,24419
2021-08-14,Queens,11004,18949.5,12828
2021-08-14,Queens,11101,36835.54,32968
2021-08-14,Queens,11102,30044.75,24123
2021-08-14,Queens,11103,34937.39,25534
2021-08-14,Queens,11104,25437.08,20364
2021-08-14,Queens,11105,36189.85,23602
2021-08-14,Queens,11106,37428.62,28256
2021-08-14,Queens,11109,5762.76,5020
2021-08-14,Brooklyn,11201,62294.06,49226
2021-08-14,Brooklyn,11203,73314.38,38220
2021-08-14,Brooklyn,11204,77087.49,41530
2021-08-14,Brooklyn,11205,45332.4,21390
2021-08-14,Brooklyn,11206,86709.93,41530
2021-08-14,Brooklyn,11207,89031.83,42283
2021-08-14,Brooklyn,11208,95565.18,48203
2021-08-14,Brooklyn,11209,67514.44,44055
2021-08-14,Brooklyn,11210,65687.01,28338
2021-08-14,Brooklyn,11211,101667.01,54245
2021-08-14,Brooklyn,11212,73966.99,34364
2021-08-14,Brooklyn,11213,64601.26,28490
2021-08-14,Brooklyn,11214,92814.16,56342
2021-08-14,Brooklyn,11215,69624.37,47879
2021-08-14,Brooklyn,11216,54825.36,33189
2021-08-14,Brooklyn,11217,40870.72,27317
2021-08-14,Brooklyn,11218,73995.92,42307
2021-08-14,Brooklyn,11219,90082.53,37977
2021-08-14,Brooklyn,11220,94590.76,78684
2021-08-14,Brooklyn,11221,81440.74,46855
2021-08-14,Brooklyn,11222,36123.42,27482
2021-08-14,Brooklyn,11223,81491.64,40842
2021-08-14,Brooklyn,11224,46270.81,21295
2021-08-14,Brooklyn,11225,57513.69,31650
2021-08-14,Brooklyn,11226,97355.08,53752
2021-08-14,Brooklyn,11228,44983.02,28401
2021-08-14,Brooklyn,11229,83531.47,42793
2021-08-14,Brooklyn,11230,88889.21,39472
2021-08-14,Brooklyn,11231,37376.63,23488
2021-08-14,Brooklyn,11232,27085.73,17766
2021-08-14,Brooklyn,11233,74323.4,31696
2021-08-14,Brooklyn,11234,94056.07,44846
2021-08-14,Brooklyn,11235,78197.62,42447
2021-08-14,Brooklyn,11236,97117.19,43004
2021-08-14,Brooklyn,11237,48000.58,31256
2021-08-14,Brooklyn,11238,53548.62,39760
2021-08-14,Brooklyn,11239,13022.3,8541
2021-08-14,Queens,11354,53918.85,47460
2021-08-14,Queens,11355,78852.89,77894
2021-08-14,Queens,11356,22814.02,18491
2021-08-14,Queens,11357,38714.77,27773
2021-08-14,Queens,11358,36024.61,29766
2021-08-14,Queens,11360,19045.39,14126
2021-08-14,Queens,11361,26370.6,21009
2021-08-14,Queens,11362,18101.72,13457
2021-08-14,Queens,11363,6735.31,5153
2021-08-14,Queens,11364,35688.29,27201
2021-08-14,Queens,11365,43815.08,31696
2021-08-14,Queens,11366,14208.14,9543
2021-08-14,Queens,11367,40676.04,24452
2021-08-14,Queens,11368,110369.78,78432
2021-08-14,Queens,11369,33627.74,26180
2021-08-14,Queens,11370,31777.34,20736
2021-08-14,Queens,11372,60682.72,53141
2021-08-14,Queens,11373,91655.7,82635
2021-08-14,Queens,11374,41393.74,29036
2021-08-14,Queens,11375,71266.52,47715
2021-08-14,Queens,11377,84048.11,66741
2021-08-14,Queens,11378,36145.45,22795
2021-08-14,Queens,11379,36636.49,22262
2021-08-14,Queens,11385,103615.19,59315
2021-08-14,Queens,11411,21378.1,10613
2021-08-14,Queens,11412,38097.58,18362
2021-08-14,Queens,11413,43206.88,19983
2021-08-14,Queens,11414,28358.4,15307
2021-08-14,Queens,11415,18873.03,12487
2021-08-14,Queens,11416,26389.62,17792
2021-08-14,Queens,11417,31041.34,21048
2021-08-14,Queens,11418,37585.6,24779
2021-08-14,Queens,11419,48504.92,34262
2021-08-14,Queens,11420,47835.06,31425
2021-08-14,Queens,11421,40049.5,26916
2021-08-14,Queens,11422,32389.06,15662
2021-08-14,Queens,11423,31138.4,20157
2021-08-14,Queens,11426,20163.58,13404
2021-08-14,Queens,11427,23572.82,19326
2021-08-14,Queens,11428,18580.92,13587
2021-08-14,Queens,11429,32168.3,15910
2021-08-14,Queens,11432,60754.71,45846
2021-08-14,Queens,11433,36521.92,19716
2021-08-14,Queens,11434,66763.37,32239
2021-08-14,Queens,11435,58415.04,36147
2021-08-14,Queens,11436,20042.54,11239
2021-08-14,Queens,11691,66856.31,27344
2021-08-14,Queens,11692,21029.13,9346
2021-08-14,Queens,11693,12672.14,6031
2021-08-14,Queens,11694,20779.4,11312
2021-08-14,Queens,11697,3392.62,2924
2021-09-14,Manhattan,10001,27613.09,32880
2021-09-14,Manhattan,10002,75322.71,62368
2021-09-14,Manhattan,10003,53977.81,40680
2021-09-14,Manhattan,10004,2972.12,3918
2021-09-14,Manhattan,10005,8757.23,8084
2021-09-14,Manhattan,10006,3381.8,4375
2021-09-14,Manhattan,10007,6991.45,6713
2021-09-14,Manhattan,10009,57151.12,42765
2021-09-14,Manhattan,10010,33353.0,24970
2021-09-14,Manhattan,10011,49745.99,40582
2021-09-14,Manhattan,10012,23152.07,17530
2021-09-14,Manhattan,10013,28818.86,24464
2021-09-14,Manhattan,10014,30336.05,24616
2021-09-14,Manhattan,10016,50912.11,46877
2021-09-14,Manhattan,10017,15613.27,16697
2021-09-14,Manhattan,10018,11790.55,21193
2021-09-14,Manhattan,10019,43522.4,49137
2021-09-14,Manhattan,10021,45875.54,34594
2021-09-14,Manhattan,10022,30896.18,29018
2021-09-14,Manhattan,10023,61782.48,50853
2021-09-14,Manhattan,10024,58412.05,45426
2021-09-14,Manhattan,10025,91619.93,69406
2021-09-14,Manhattan,10026,38664.36,22906
2021-09-14,Manhattan,10027,63394.55,39168
2021-09-14,Manhattan,10028,47370.29,34876
2021-09-14,Manhattan,10029,78224.82,50951
2021-09-14,Manhattan,10030,29269.87,16242
2021-09-14,Manhattan,10031,59023.53,37761
2021-09-14,Manhattan,10032,63051.12,41705
2021-09-14,Manhattan,10033,58517.81,36881
2021-09-14,Manhattan,10034,42241.84,26076
2021-09-14,Manhattan,10035,35240.03,23945
2021-09-14,Manhattan,10036,27242.15,39386
2021-09-14,Manhattan,10037,20793.37,12486
2021-09-14,Manhattan,10038,22864.58,18690
2021-09-14,Manhattan,10039,27180.77,15079
2021-09-14,Manhattan,10040,43966.32,28295
2021-09-14,Manhattan,10044,11671.84,8686
2021-09-14,Manhattan,10065,27899.1,23030
2021-09-14,Manhattan,10069,6284.56,5606
2021-09-14,Manhattan,10075,23044.5,20384
2021-09-14,Manhattan,10128,58558.8,45532
2021-09-14,Manhattan,10280,9346.22,6426
2021-09-14,Manhattan,10282,5571.94,3788
2021-09-14,Staten Island,10301,38904.96,25635
2021-09-14,Staten Island,10302,18484.97,11996
2021-09-14,Staten Island,10303,26512.59,15919
2021-09-14,Staten Island,10304,41886.87,28041
2021-09-14,Staten Island,10305,42856.19,29174
2021-09-14,Staten Island,10306,52806.81,36278
2021-09-14,Staten Island,10307,14912.16,7837
2021-09-14,Staten Island,10308,29820.74,16952
2021-09-14,Staten Island,10309,32939.56,18789
2021-09-14,Staten Island,10310,23441.55,15607
2021-09-14,Staten Island,10312,61052.73,36983
2021-09-14,Staten Island,10314,92523.87,57129
2021-09-14,Bronx,10451,47367.12,31370
2021-09-14,Bronx,10452,75212.41,47518
2021-09-14,Bronx,10453,78677.58,47360
2021-09-14,Bronx,10454,37829.72,22522
2021-09-14,Bronx,10455,41893.78,24981
2021-09-14,Bronx,10456,93192.84,51955
2021-09-14,Bronx,10457,73721.56,43254
2021-09-14,Bronx,10458,82740.43,48128
2021-09-14,Bronx,10459,47872.88,28567
2021-09-14,Bronx,10460,58874.7,33051
2021-09-14,Bronx,10461,49097.83,36338
2021-09-14,Bronx,10462,75315.82,53394
2021-09-14,Bronx,10463,69983.86,47564
2021-09-14,Bronx,10464,4285.4,3079
2021-09-14,Bronx,10465,43122.23,25759
2021-09-14,Bronx,10466,71310.11,37884
2021-09-14,Bronx,10467,102058.58,60490
2021-09-14,Bronx,10468,77811.41,46793
2021-09-14,Bronx,10469,72616.96,40484
2021-09-14,Bronx,10470,14991.78,9273
2021-09-14,Bronx,10471,21241.06,16078
2021-09-14,Bronx,10472,67979.13,42174
2021-09-14,Bronx,10473,59110.54,34774
2021-09-14,Bronx,10474,11975.58,6436
2021-09-14,Bronx,10475,42737.28,26536
2021-09-14,Queens,11004,18949.5,13366
2021-09-14,Queens,11101,36835.54,35326
2021-09-14,Queens,11102,30044.75,25764
2021-09-14,Queens,11103,34937.39,27283
2021-09-14,Queens,11104,25437.08,21399
2021-09-14,Queens,11105,36189.85,24989
2021-09-14,Queens,11106,37428.62,29755
2021-09-14,Queens,11109,5762.76,5123
2021-09-14,Brooklyn,11201,62294.06,50975
2021-09-14,Brooklyn,11203,73314.38,43025
2021-09-14,Brooklyn,11204,77087.49,44696
2021-09-14,Brooklyn,11205,45332.4,22923
2021-09-14,Brooklyn,11206,86709.93,45341
2021-09-14,Brooklyn,11207,89031.83,48785
2021-09-14,Brooklyn,11208,95565.18,54869
2021-09-14,Brooklyn,11209,67514.44,47146
2021-09-14,Brooklyn,11210,65687.01,32053
2021-09-14,Brooklyn,11211,101667.01,56486
2021-09-14,Brooklyn,11212,73966.99,40496
2021-09-14,Brooklyn,11213,64601.26,32011
2021-09-14,Brooklyn,11214,92814.16,61062
2021-09-14,Brooklyn,11215,69624.37,49218
2021-09-14,Brooklyn,11216,54825.36,35471
2021-09-14,Brooklyn,11217,40870.72,28347
2021-09-14,Brooklyn,11218,73995.92,45215
2021-09-14,Brooklyn,11219,90082.53,40712
2021-09-14,Brooklyn,11220,94590.76,85144
2021-09-14,Brooklyn,11221,81440.74,51555
2021-09-14,Brooklyn,11222,36123.42,28655
2021-09-14,Brooklyn,11223,81491.64,44554
2021-09-14,Brooklyn,11224,46270.81,23831
2021-09-14,Brooklyn,11225,57513.69,34458
2021-09-14,Brooklyn,11226,97355.08,60194
2021-09-14,Brooklyn,11228,44983.02,30238
2021-09-14,Brooklyn,11229,83531.47,46619
2021-09-14,Brooklyn,11230,88889.21,43575
2021-09-14,Brooklyn,11231,37376.63,24526
2021-09-14,Brooklyn,11232,27085.73,19381
2021-09-14,Brooklyn,11233,74323.4,36084
2021-09-14,Brooklyn,11234,94056.07,49901
2021-09-14,Brooklyn,11235,78197.62,47534
2021-09-14,Brooklyn,11236,97117.19,49680
2021-09-14,Brooklyn,11237,48000.58,34448
2021-09-14,Brooklyn,11238,53548.62,41399
2021-09-14,Brooklyn,11239,13022.3,9698
2021-09-14,Queens,11354,53918.85,49738
2021-09-14,Queens,11355,78852.89,81258
2021-09-14,Queens,11356,22814.02,20014
2021-09-14,Queens,11357,38714.77,29354
2021-09-14,Queens,11358,36024.61,31139
2021-09-14,Queens,11360,19045.39,14631
2021-09-14,Queens,11361,26370.6,21985
2021-09-14,Queens,11362,18101.72,13914
2021-09-14,Queens,11363,6735.31,5340
2021-09-14,Queens,11364,35688.29,28180
2021-09-14,Queens,11365,43815.08,33538
2021-09-14,Queens,11366,14208.14,10076
2021-09-14,Queens,11367,40676.04,26068
2021-09-14,Queens,11368,110369.78,89857
2021-09-14,Queens,11369,33627.74,29009
2021-09-14,Queens,11370,31777.34,22304
2021-09-14,Queens,11372,60682.72,57263
2021-09-14,Queens,11373,91655.7,88733
2021-09-14,Queens,11374,41393.74,30991
2021-09-14,Queens,11375,71266.52,49805
2021-09-14,Queens,11377,84048.11,71053
2021-09-14,Queens,11378,36145.45,24741
2021-09-14,Queens,11379,36636.49,23975
2021-09-14,Queens,11385,103615.19,65103
2021-09-14,Queens,11411,21378.1,11918
2021-09-14,Queens,11412,38097.58,21121
2021-09-14,Queens,11413,43206.88,22877
2021-09-14,Queens,11414,28358.4,16536
2021-09-14,Queens,11415,18873.03,13282
2021-09-14,Queens,11416,26389.62,19374
2021-09-14,Queens,11417,31041.34,22729
2021-09-14,Queens,11418,37585.6,26987
2021-09-14,Queens,11419,48504.92,36891
2021-09-14,Queens,11420,47835.06,33997
2021-09-14,Queens,11421,40049.5,29665
2021-09-14,Queens,11422,32389.06,17838
2021-09-14,Queens,11423,31138.4,21828
2021-09-14,Queens,11426,20163.58,14141
2021-09-14,Queens,11427,23572.82,20248
2021-09-14,Queens,11428,18580.92,14601
2021-09-14,Queens,11429,32168.3,17695
2021-09-14,Queens,11432,60754.71,49338
2021-09-14,Queens,11433,36521.92,22291
2021-09-14,Queens,11434,66763.37,36704
2021-09-14,Queens,11435,58415.04,39683
2021-09-14,Queens,11436,20042.54,12501
2021-09-14,Queens,11691,66856.31,30710
2021-09-14,Queens,11692,21029.13,10537
2021-09-14,Queens,11693,12672.14,6623
2021-09-14,Queens,11694,20779.4,12152
2021-09-14,Queens,11697,3392.62,3100
2021-10-14,Manhattan,10001,27613.09,34715
2021-10-14,Manhattan,10002,75322.71,64472
2021-10-14,Manhattan,10003,53977.81,41478
2021-10-14,Manhattan,10004,2972.12,4059
2021-10-14,Manhattan,10005,8757.23,8281
2021-10-14,Manhattan,10006,3381.8,4481
2021-10-14,Manhattan,10007,6991.45,6908
2021-10-14,Manhattan,10009,57151.12,44021
2021-10-14,Manhattan,10010,33353.0,25457
2021-10-14,Manhattan,10011,49745.99,41175
2021-10-14,Manhattan,10012,23152.07,17829
2021-10-14,Manhattan,10013,28818.86,24881
2021-10-14,Manhattan,10014,30336.05,24912
2021-10-14,Manhattan,10016,50912.11,47847
2021-10-14,Manhattan,10017,15613.27,17260
2021-10-14,Manhattan,10018,11790.55,22717
2021-10-14,Manhattan,10019,43522.4,51278
2021-10-14,Manhattan,10021,45875.54,35143
2021-10-14,Manhattan,10022,30896.18,29776
2021-10-14,Manhattan,10023,61782.48,51972
2021-10-14,Manhattan,10024,58412.05,46186
2021-10-14,Manhattan,10025,91619.93,71360
2021-10-14,Manhattan,10026,38664.36,24359
2021-10-14,Manhattan,10027,63394.55,41827
2021-10-14,Manhattan,10028,47370.29,35419
2021-10-14,Manhattan,10029,78224.82,54457
2021-10-14,Manhattan,10030,29269.87,17621
2021-10-14,Manhattan,10031,59023.53,39880
2021-10-14,Manhattan,10032,63051.12,43776
2021-10-14,Manhattan,10033,58517.81,38890
2021-10-14,Manhattan,10034,42241.84,27547
2021-10-14,Manhattan,10035,35240.03,25578
2021-10-14,Manhattan,10036,27242.15,41653
2021-10-14,Manhattan,10037,20793.37,13472
2021-10-14,Manhattan,10038,22864.58,19300
2021-10-14,Manhattan,10039,27180.77,16527
2021-10-14,Manhattan,10040,43966.32,29804
2021-10-14,Manhattan,10044,11671.84,8952
2021-10-14,Manhattan,10065,27899.1,23741
2021-10-14,Manhattan,10069,6284.56,5673
2021-10-14,Manhattan,10075,23044.5,20585
2021-10-14,Manhattan,10128,58558.8,46327
2021-10-14,Manhattan,10280,9346.22,6549
2021-10-14,Manhattan,10282,5571.94,3861
2021-10-14,Staten Island,10301,38904.96,27448
2021-10-14,Staten Island,10302,18484.97,13213
2021-10-14,Staten Island,10303,26512.59,17413
2021-10-14,Staten Island,10304,41886.87,30174
2021-10-14,Staten Island,10305,42856.19,30878
2021-10-14,Staten Island,10306,52806.81,38604
2021-10-14,Staten Island,10307,14912.16,8388
2021-10-14,Staten Island,10308,29820.74,18069
2021-10-14,Staten Island,10309,32939.56,20463
2021-10-14,Staten Island,10310,23441.55,16923
2021-10-14,Staten Island,10312,61052.73,39361
2021-10-14,Staten Island,10314,92523.87,60246
2021-10-14,Bronx,10451,47367.12,34516
2021-10-14,Bronx,10452,75212.41,52124
2021-10-14,Bronx,10453,78677.58,52219
2021-10-14,Bronx,10454,37829.72,24980
2021-10-14,Bronx,10455,41893.78,27627
2021-10-14,Bronx,10456,93192.84,57783
2021-10-14,Bronx,10457,73721.56,48331
2021-10-14,Bronx,10458,82740.43,52578
2021-10-14,Bronx,10459,47872.88,31692
2021-10-14,Bronx,10460,58874.7,36788
2021-10-14,Bronx,10461,49097.83,38312
2021-10-14,Bronx,10462,75315.82,57076
2021-10-14,Bronx,10463,69983.86,49955
2021-10-14,Bronx,10464,4285.4,3187
2021-10-14,Bronx,10465,43122.23,27350
2021-10-14,Bronx,10466,71310.11,41938
2021-10-14,Bronx,10467,102058.58,66096
2021-10-14,Bronx,10468,77811.41,51190
2021-10-14,Bronx,10469,72616.96,44114
2021-10-14,Bronx,10470,14991.78,9965
2021-10-14,Bronx,10471,21241.06,16285
2021-10-14,Bronx,10472,67979.13,46230
2021-10-14,Bronx,10473,59110.54,37873
2021-10-14,Bronx,10474,11975.58,7186
2021-10-14,Bronx,10475,42737.28,28166
2021-10-14,Queens,11004,18949.5,13835
2021-10-14,Queens,11101,36835.54,37011
2021-10-14,Queens,11102,30044.75,26872
2021-10-14,Queens,11103,34937.39,28265
2021-10-14,Queens,11104,25437.08,21997
2021-10-14,Queens,11105,36189.85,25982
2021-10-14,Queens,11106,37428.62,31014
2021-10-14,Queens,11109,5762.76,5193
2021-10-14,Brooklyn,11201,62294.06,52152
2021-10-14,Brooklyn,11203,73314.38,47644
2021-10-14,Brooklyn,11204,77087.49,47562
2021-10-14,Brooklyn,11205,45332.4,24097
2021-10-14,Brooklyn,11206,86709.93,48552
2021-10-14,Brooklyn,11207,89031.83,54784
2021-10-14,Brooklyn,11208,95565.18,61189
2021-10-14,Brooklyn,11209,67514.44,49412
2021-10-14,Brooklyn,11210,65687.01,35630
2021-10-14,Brooklyn,11211,101667.01,58094
2021-10-14,Brooklyn,11212,73966.99,46455
2021-10-14,Brooklyn,11213,64601.26,35314
2021-10-14,Brooklyn,11214,92814.16,65049
2021-10-14,Brooklyn,11215,69624.37,50264
2021-10-14,Brooklyn,11216,54825.36,37408
2021-10-14,Brooklyn,11217,40870.72,29156
2021-10-14,Brooklyn,11218,73995.92,47754
2021-10-14,Brooklyn,11219,90082.53,42759
2021-10-14,Brooklyn,11220,94590.76,89273
2021-10-14,Brooklyn,11221,81440.74,55429
2021-10-14,Brooklyn,11222,36123.42,29441
2021-10-14,Brooklyn,11223,81491.64,47993
2021-10-14,Brooklyn,11224,46270.81,26374
2021-10-14,Brooklyn,11225,57513.69,36836
2021-10-14,Brooklyn,11226,97355.08,66300
2021-10-14,Brooklyn,11228,44983.02,31568
2021-10-14,Brooklyn,11229,83531.47,50141
2021-10-14,Brooklyn,11230,88889.21,47532
2021-10-14,Brooklyn,11231,37376.63,25417
2021-10-14,Brooklyn,11232,27085.73,20422
2021-10-14,Brooklyn,11233,74323.4,39986
2021-10-14,Brooklyn,11234,94056.07,54477
2021-10-14,Brooklyn,11235,78197.62,52419
2021-10-14,Brooklyn,11236,97117.19,56197
2021-10-14,Brooklyn,11237,48000.58,36883
2021-10-14,Brooklyn,11238,53548.62,42575
2021-10-14,Brooklyn,11239,13022.3,10735
2021-10-14,Queens,11354,53918.85,51237
2021-10-14,Queens,11355,78852.89,83203
2021-10-14,Queens,11356,22814.02,21024
2021-10-14,Queens,11357,38714.77,30449
2021-10-14,Queens,11358,36024.61,32104
2021-10-14,Queens,11360,19045.39,15107
2021-10-14,Queens,11361,26370.6,22646
2021-10-14,Queens,11362,18101.72,14284
2021-10-14,Queens,11363,6735.31,5507
2021-10-14,Queens,11364,35688.29,28987
2021-10-14,Queens,11365,43815.08,34840
2021-10-14,Queens,11366,14208.14,10582
2021-10-14,Queens,11367,40676.04,27454
2021-10-14,Queens,11368,110369.78,96924
2021-10-14,Queens,11369,33627.74,30749
2021-10-14,Queens,11370,31777.34,23307
2021-10-14,Queens,11372,60682.72,59663
2021-10-14,Queens,11373,91655.7,92202
2021-10-14,Queens,11374,41393.74,32691
2021-10-14,Queens,11375,71266.52,51424
2021-10-14,Queens,11377,84048.11,73643
2021-10-14,Queens,11378,36145.45,26175
2021-10-14,Queens,11379,36636.49,25172
2021-10-14,Queens,11385,103615.19,69538
2021-10-14,Queens,11411,21378.1,13074
2021-10-14,Queens,11412,38097.58,23567
2021-10-14,Queens,11413,43206.88,25386
2021-10-14,Queens,11414,28358.4,17483
2021-10-14,Queens,11415,18873.03,13893
2021-10-14,Queens,11416,26389.62,20502
2021-10-14,Queens,11417,31041.34,23904
2021-10-14,Queens,11418,37585.6,28431
2021-10-14,Queens,11419,48504.92,39017
2021-10-14,Queens,11420,47835.06,35873
2021-10-14,Queens,11421,40049.5,31532
2021-10-14,Queens,11422,32389.06,19656
2021-10-14,Queens,11423,31138.4,23175
2021-10-14,Queens,11426,20163.58,14692
2021-10-14,Queens,11427,23572.82,20848
2021-10-14,Queens,11428,18580.92,15364
2021-10-14,Queens,11429,32168.3,19356
2021-10-14,Queens,11432,60754.71,51704
2021-10-14,Queens,11433,36521.92,24274
2021-10-14,Queens,11434,66763.37,40681
2021-10-14,Queens,11435,58415.04,42181
2021-10-14,Queens,11436,20042.54,13667
2021-10-14,Queens,11691,66856.31,33833
2021-10-14,Queens,11692,21029.13,11693
2021-10-14,Queens,11693,12672.14,7243
2021-10-14,Queens,11694,20779.4,12786
2021-10-14,Queens,11697,3392.62,3216
2021-11-14,Manhattan,10001,27613.09,36441
2021-11-14,Manhattan,10002,75322.71,66218
2021-11-14,Manhattan,10003,53977.81,42304
2021-11-14,Manhattan,10004,2972.12,4207
2021-11-14,Manhattan,10005,8757.23,8522
2021-11-14,Manhattan,10006,3381.8,4755
2021-11-14,Manhattan,10007,6991.45,7043
2021-11-14,Manhattan,10009,57151.12,45316
2021-11-14,Manhattan,10010,33353.0,26023
2021-11-14,Manhattan,10011,49745.99,41889
2021-11-14,Manhattan,10012,23152.07,18152
2021-11-14,Manhattan,10013,28818.86,25349
2021-11-14,Manhattan,10014,30336.05,25312
2021-11-14,Manhattan,10016,50912.11,49003
2021-11-14,Manhattan,10017,15613.27,18108
2021-11-14,Manhattan,10018,11790.55,24403
2021-11-14,Manhattan,10019,43522.4,53957
2021-11-14,Manhattan,10021,45875.54,36020
2021-11-14,Manhattan,10022,30896.18,30711
2021-11-14,Manhattan,10023,61782.48,53205
2021-11-14,Manhattan,10024,58412.05,47198
2021-11-14,Manhattan,10025,91619.93,73041
2021-11-14,Manhattan,10026,38664.36,25370
2021-11-14,Manhattan,10027,63394.55,43916
2021-11-14,Manhattan,10028,47370.29,36050
2021-11-14,Manhattan,10029,78224.82,56753
2021-11-14,Manhattan,10030,29269.87,18512
2021-11-14,Manhattan,10031,59023.53,41079
2021-11-14,Manhattan,10032,63051.12,45030
2021-11-14,Manhattan,10033,58517.81,40095
2021-11-14,Manhattan,10034,42241.84,28526
2021-11-14,Manhattan,10035,35240.03,26415
2021-11-14,Manhattan,10036,27242.15,44421
2021-11-14,Manhattan,10037,20793.37,14131
2021-11-14,Manhattan,10038,22864.58,19894
2021-11-14,Manhattan,10039,27180.77,17438
2021-11-14,Manhattan,10040,43966.32,30655
2021-11-14,Manhattan,10044,11671.84,9172
2021-11-14,Manhattan,10065,27899.1,24311
2021-11-14,Manhattan,10069,6284.56,5739
2021-11-14,Manhattan,10075,23044.5,20968
2021-11-14,Manhattan,10128,58558.8,47484
2021-11-14,Manhattan,10280,9346.22,6734
2021-11-14,Manhattan,10282,5571.94,3986
2021-11-14,Staten Island,10301,38904.96,28489
2021-11-14,Staten Island,10302,18484.97,13821
2021-11-14,Staten Island,10303,26512.59,18190
2021-11-14,Staten Island,10304,41886.87,31379
2021-11-14,Staten Island,10305,42856.19,31627
2021-11-14,Staten Island,10306,52806.81,39996
2021-11-14,Staten Island,10307,14912.16,8758
2021-11-14,Staten Island,10308,29820.74,18777
2021-11-14,Staten Island,10309,32939.56,21438
2021-11-14,Staten Island,10310,23441.55,17650
2021-11-14,Staten Island,10312,61052.73,40828
2021-11-14,Staten Island,10314,92523.87,62273
2021-11-14,Bronx,10451,47367.12,36295
2021-11-14,Bronx,10452,75212.41,54749
2021-11-14,Bronx,10453,78677.58,54870
2021-11-14,Bronx,10454,37829.72,26328
2021-11-14,Bronx,10455,41893.78,29112
2021-11-14,Bronx,10456,93192.84,61000
2021-11-14,Bronx,10457,73721.56,51184
2021-11-14,Bronx,10458,82740.43,55039
2021-11-14,Bronx,10459,47872.88,33430
2021-11-14,Bronx,10460,58874.7,38968
2021-11-14,Bronx,10461,49097.83,39308
2021-11-14,Bronx,10462,75315.82,59133
2021-11-14,Bronx,10463,69983.86,51418
2021-11-14,Bronx,10464,4285.4,3241
2021-11-14,Bronx,10465,43122.23,28238
2021-11-14,Bronx,10466,71310.11,44094
2021-11-14,Bronx,10467,102058.58,69354
2021-11-14,Bronx,10468,77811.41,53420
2021-11-14,Bronx,10469,72616.96,45958
2021-11-14,Bronx,10470,14991.78,10348
2021-11-14,Bronx,10471,21241.06,16648
2021-11-14,Bronx,10472,67979.13,48278
2021-11-14,Bronx,10473,59110.54,39642
2021-11-14,Bronx,10474,11975.58,7664
2021-11-14,Bronx,10475,42737.28,29133
2021-11-14,Queens,11004,18949.5,14196
2021-11-14,Queens,11101,36835.54,38254
2021-11-14,Queens,11102,30044.75,27688
2021-11-14,Queens,11103,34937.39,28955
2021-11-14,Queens,11104,25437.08,22390
2021-11-14,Queens,11105,36189.85,26627
2021-11-14,Queens,11106,37428.62,31744
2021-11-14,Queens,11109,5762.76,5389
2021-11-14,Brooklyn,11201,62294.06,53820
2021-11-14,Brooklyn,11203,73314.38,49801
2021-11-14,Brooklyn,11204,77087.49,49122
2021-11-14,Brooklyn,11205,45332.4,25147
2021-11-14,Brooklyn,11206,86709.93,50548
2021-11-14,Brooklyn,11207,89031.83,58242
2021-11-14,Brooklyn,11208,95565.18,64414
2021-11-14,Brooklyn,11209,67514.44,50803
2021-11-14,Brooklyn,11210,65687.01,37358
2021-11-14,Brooklyn,11211,101667.01,59086
2021-11-14,Brooklyn,11212,73966.99,50105
2021-11-14,Brooklyn,11213,64601.26,37398
2021-11-14,Brooklyn,11214,92814.16,67335
2021-11-14,Brooklyn,11215,69624.37,51573
2021-11-14,Brooklyn,11216,54825.36,38730
2021-11-14,Brooklyn,11217,40870.72,29986
2021-11-14,Brooklyn,11218,73995.92,49125
2021-11-14,Brooklyn,11219,90082.53,44131
2021-11-14,Brooklyn,11220,94590.76,91287
2021-11-14,Brooklyn,11221,81440.74,57650
2021-11-14,Brooklyn,11222,36123.42,30041
2021-11-14,Brooklyn,11223,81491.64,50018
2021-11-14,Brooklyn,11224,46270.81,27917
2021-11-14,Brooklyn,11225,57513.69,38277
2021-11-14,Brooklyn,11226,97355.08,69622
2021-11-14,Brooklyn,11228,44983.02,32266
2021-11-14,Brooklyn,11229,83531.47,52106
2021-11-14,Brooklyn,11230,88889.21,49837
2021-11-14,Brooklyn,11231,37376.63,26044
2021-11-14,Brooklyn,11232,27085.73,20905
2021-11-14,Brooklyn,11233,74323.4,42549
2021-11-14,Brooklyn,11234,94056.07,56995
2021-11-14,Brooklyn,11235,78197.62,55013
2021-11-14,Brooklyn,11236,97117.19,59573
2021-11-14,Brooklyn,11237,48000.58,38078
2021-11-14,Brooklyn,11238,53548.62,43639
2021-11-14,Brooklyn,11239,13022.3,11427
2021-11-14,Queens,11354,53918.85,52104
2021-11-14,Queens,11355,78852.89,84623
2021-11-14,Queens,11356,22814.02,21524
2021-11-14,Queens,11357,38714.77,31112
2021-11-14,Queens,11358,36024.61,32730
2021-11-14,Queens,11360,19045.39,15457
2021-11-14,Queens,11361,26370.6,23064
2021-11-14,Queens,11362,18101.72,14558
2021-11-14,Queens,11363,6735.31,5562
2021-11-14,Queens,11364,35688.29,29581
2021-11-14,Queens,11365,43815.08,35675
2021-11-14,Queens,11366,14208.14,10831
2021-11-14,Queens,11367,40676.04,28294
2021-11-14,Queens,11368,110369.78,100015
2021-11-14,Queens,11369,33627.74,31593
2021-11-14,Queens,11370,31777.34,23881
2021-11-14,Queens,11372,60682.72,61014
2021-11-14,Queens,11373,91655.7,94093
2021-11-14,Queens,11374,41393.74,33751
2021-11-14,Queens,11375,71266.52,52526
2021-11-14,Queens,11377,84048.11,75167
2021-11-14,Queens,11378,36145.45,26959
2021-11-14,Queens,11379,36636.49,25954
2021-11-14,Queens,11385,103615.19,71933
2021-11-14,Queens,11411,21378.1,13611
2021-11-14,Queens,11412,38097.58,24828
2021-11-14,Queens,11413,43206.88,26670
2021-11-14,Queens,11414,28358.4,18065
2021-11-14,Queens,11415,18873.03,14230
2021-11-14,Queens,11416,26389.62,21127
2021-11-14,Queens,11417,31041.34,24633
2021-11-14,Queens,11418,37585.6,29208
2021-11-14,Queens,11419,48504.92,39975
2021-11-14,Queens,11420,47835.06,36790
2021-11-14,Queens,11421,40049.5,32562
2021-11-14,Queens,11422,32389.06,20605
2021-11-14,Queens,11423,31138.4,23990
2021-11-14,Queens,11426,20163.58,15021
2021-11-14,Queens,11427,23572.82,20934
2021-11-14,Queens,11428,18580.92,15715
2021-11-14,Queens,11429,32168.3,20252
2021-11-14,Queens,11432,60754.71,53055
2021-11-14,Queens,11433,36521.92,25499
2021-11-14,Queens,11434,66763.37,42996
2021-11-14,Queens,11435,58415.04,43536
2021-11-14,Queens,11436,20042.54,14252
2021-11-14,Queens,11691,66856.31,35772
2021-11-14,Queens,11692,21029.13,12335
2021-11-14,Queens,11693,12672.14,7544
2021-11-14,Queens,11694,20779.4,13302
2021-11-14,Queens,11697,3392.62,3323
2021-12-02,Manhattan,10001,27613.09,37620
2021-12-02,Manhattan,10002,75322.71,68904
2021-12-02,Manhattan,10003,53977.81,43958
2021-12-02,Manhattan,10004,2972.12,4455
2021-12-02,Manhattan,10005,8757.23,8916
2021-12-02,Manhattan,10006,3381.8,4985
2021-12-02,Manhattan,10007,6991.45,7602
2021-12-02,Manhattan,10009,57151.12,46892
2021-12-02,Manhattan,10010,33353.0,27290
2021-12-02,Manhattan,10011,49745.99,43894
2021-12-02,Manhattan,10012,23152.07,18903
2021-12-02,Manhattan,10013,28818.86,26984
2021-12-02,Manhattan,10014,30336.05,26386
2021-12-02,Manhattan,10016,50912.11,50804
2021-12-02,Manhattan,10017,15613.27,18889
2021-12-02,Manhattan,10018,11790.55,25057
2021-12-02,Manhattan,10019,43522.4,56312
2021-12-02,Manhattan,10021,45875.54,38011
2021-12-02,Manhattan,10022,30896.18,32011
2021-12-02,Manhattan,10023,61782.48,56324
2021-12-02,Manhattan,10024,58412.05,50473
2021-12-02,Manhattan,10025,91619.93,76667
2021-12-02,Manhattan,10026,38664.36,26692
2021-12-02,Manhattan,10027,63394.55,45658
2021-12-02,Manhattan,10028,47370.29,38268
2021-12-02,Manhattan,10029,78224.82,58939
2021-12-02,Manhattan,10030,29269.87,19209
2021-12-02,Manhattan,10031,59023.53,42158
2021-12-02,Manhattan,10032,63051.12,46304
2021-12-02,Manhattan,10033,58517.81,41432
2021-12-02,Manhattan,10034,42241.84,29495
2021-12-02,Manhattan,10035,35240.03,27273
2021-12-02,Manhattan,10036,27242.15,45966
2021-12-02,Manhattan,10037,20793.37,14710
2021-12-02,Manhattan,10038,22864.58,20838
2021-12-02,Manhattan,10039,27180.77,18100
2021-12-02,Manhattan,10040,43966.32,31577
2021-12-02,Manhattan,10044,11671.84,9707
2021-12-02,Manhattan,10065,27899.1,25745
2021-12-02,Manhattan,10069,6284.56,6236
2021-12-02,Manhattan,10075,23044.5,22463
2021-12-02,Manhattan,10128,58558.8,50514
2021-12-02,Manhattan,10280,9346.22,7171
2021-12-02,Manhattan,10282,5571.94,4490
2021-12-02,Staten Island,10301,38904.96,29367
2021-12-02,Staten Island,10302,18484.97,14238
2021-12-02,Staten Island,10303,26512.59,18748
2021-12-02,Staten Island,10304,41886.87,32286
2021-12-02,Staten Island,10305,42856.19,32540
2021-12-02,Staten Island,10306,52806.81,41013
2021-12-02,Staten Island,10307,14912.16,8964
2021-12-02,Staten Island,10308,29820.74,19232
2021-12-02,Staten Island,10309,32939.56,21985
2021-12-02,Staten Island,10310,23441.55,18326
2021-12-02,Staten Island,10312,61052.73,41908
2021-12-02,Staten Island,10314,92523.87,63903
2021-12-02,Bronx,10451,47367.12,37510
2021-12-02,Bronx,10452,75212.41,56577
2021-12-02,Bronx,10453,78677.58,56724
2021-12-02,Bronx,10454,37829.72,27283
2021-12-02,Bronx,10455,41893.78,30062
2021-12-02,Bronx,10456,93192.84,63102
2021-12-02,Bronx,10457,73721.56,53044
2021-12-02,Bronx,10458,82740.43,56920
2021-12-02,Bronx,10459,47872.88,34623
2021-12-02,Bronx,10460,58874.7,40444
2021-12-02,Bronx,10461,49097.83,40162
2021-12-02,Bronx,10462,75315.82,60785
2021-12-02,Bronx,10463,69983.86,53168
2021-12-02,Bronx,10464,4285.4,3324
2021-12-02,Bronx,10465,43122.23,28975
2021-12-02,Bronx,10466,71310.11,45399
2021-12-02,Bronx,10467,102058.58,71430
2021-12-02,Bronx,10468,77811.41,54975
2021-12-02,Bronx,10469,72616.96,47100
2021-12-02,Bronx,10470,14991.78,10659
2021-12-02,Bronx,10471,21241.06,17356
2021-12-02,Bronx,10472,67979.13,49767
2021-12-02,Bronx,10473,59110.54,41029
2021-12-02,Bronx,10474,11975.58,7980
2021-12-02,Bronx,10475,42737.28,29804
2021-12-02,Queens,11004,18949.5,14448
2021-12-02,Queens,11101,36835.54,40190
2021-12-02,Queens,11102,30044.75,28515
2021-12-02,Queens,11103,34937.39,29608
2021-12-02,Queens,11104,25437.08,23120
2021-12-02,Queens,11105,36189.85,27558
2021-12-02,Queens,11106,37428.62,32655
2021-12-02,Queens,11109,5762.76,5807
2021-12-02,Brooklyn,11201,62294.06,57810
2021-12-02,Brooklyn,11203,73314.38,51018
2021-12-02,Brooklyn,11204,77087.49,50927
2021-12-02,Brooklyn,11205,45332.4,26523
2021-12-02,Brooklyn,11206,86709.93,52046
2021-12-02,Brooklyn,11207,89031.83,60136
2021-12-02,Brooklyn,11208,95565.18,66465
2021-12-02,Brooklyn,11209,67514.44,52551
2021-12-02,Brooklyn,11210,65687.01,38442
2021-12-02,Brooklyn,11211,101667.01,60907
2021-12-02,Brooklyn,11212,73966.99,52038
2021-12-02,Brooklyn,11213,64601.26,38751
2021-12-02,Brooklyn,11214,92814.16,69566
2021-12-02,Brooklyn,11215,69624.37,56349
2021-12-02,Brooklyn,11216,54825.36,40376
2021-12-02,Brooklyn,11217,40870.72,32106
2021-12-02,Brooklyn,11218,73995.92,51664
2021-12-02,Brooklyn,11219,90082.53,45954
2021-12-02,Brooklyn,11220,94590.76,94856
2021-12-02,Brooklyn,11221,81440.74,59454
2021-12-02,Brooklyn,11222,36123.42,31427
2021-12-02,Brooklyn,11223,81491.64,51631
2021-12-02,Brooklyn,11224,46270.81,28797
2021-12-02,Brooklyn,11225,57513.69,39714
2021-12-02,Brooklyn,11226,97355.08,72063
2021-12-02,Brooklyn,11228,44983.02,33362
2021-12-02,Brooklyn,11229,83531.47,53660
2021-12-02,Brooklyn,11230,88889.21,51556
2021-12-02,Brooklyn,11231,37376.63,28418
2021-12-02,Brooklyn,11232,27085.73,21811
2021-12-02,Brooklyn,11233,74323.4,44227
2021-12-02,Brooklyn,11234,94056.07,58527
2021-12-02,Brooklyn,11235,78197.62,56627
2021-12-02,Brooklyn,11236,97117.19,61414
2021-12-02,Brooklyn,11237,48000.58,39387
2021-12-02,Brooklyn,11238,53548.62,46428
2021-12-02,Brooklyn,11239,13022.3,11750
2021-12-02,Queens,11354,53918.85,53524
2021-12-02,Queens,11355,78852.89,87593
2021-12-02,Queens,11356,22814.02,22311
2021-12-02,Queens,11357,38714.77,31995
2021-12-02,Queens,11358,36024.61,33963
2021-12-02,Queens,11360,19045.39,15962
2021-12-02,Queens,11361,26370.6,23931
2021-12-02,Queens,11362,18101.72,15050
2021-12-02,Queens,11363,6735.31,5764
2021-12-02,Queens,11364,35688.29,30653
2021-12-02,Queens,11365,43815.08,36872
2021-12-02,Queens,11366,14208.14,11131
2021-12-02,Queens,11367,40676.04,29145
2021-12-02,Queens,11368,110369.78,103234
2021-12-02,Queens,11369,33627.74,32538
2021-12-02,Queens,11370,31777.34,24525
2021-12-02,Queens,11372,60682.72,63132
2021-12-02,Queens,11373,91655.7,96888
2021-12-02,Queens,11374,41393.74,34827
2021-12-02,Queens,11375,71266.52,54782
2021-12-02,Queens,11377,84048.11,77389
2021-12-02,Queens,11378,36145.45,27815
2021-12-02,Queens,11379,36636.49,26680
2021-12-02,Queens,11385,103615.19,74124
2021-12-02,Queens,11411,21378.1,13889
2021-12-02,Queens,11412,38097.58,25540
2021-12-02,Queens,11413,43206.88,27218
2021-12-02,Queens,11414,28358.4,18503
2021-12-02,Queens,11415,18873.03,14517
2021-12-02,Queens,11416,26389.62,21742
2021-12-02,Queens,11417,31041.34,25256
2021-12-02,Queens,11418,37585.6,29901
2021-12-02,Queens,11419,48504.92,40767
2021-12-02,Queens,11420,47835.06,37553
2021-12-02,Queens,11421,40049.5,33491
2021-12-02,Queens,11422,32389.06,21114
2021-12-02,Queens,11423,31138.4,24556
2021-12-02,Queens,11426,20163.58,15382
2021-12-02,Queens,11427,23572.82,21279
2021-12-02,Queens,11428,18580.92,16030
2021-12-02,Queens,11429,32168.3,20768
2021-12-02,Queens,11432,60754.71,54436
2021-12-02,Queens,11433,36521.92,26233
2021-12-02,Queens,11434,66763.37,44222
2021-12-02,Queens,11435,58415.04,44613
2021-12-02,Queens,11436,20042.54,14643
2021-12-02,Queens,11691,66856.31,36689
2021-12-02,Queens,11692,21029.13,12769
2021-12-02,Queens,11693,12672.14,7776
2021-12-02,Queens,11694,20779.4,13658
2021-12-02,Queens,11697,3392.62,3380
